INSERT INTO flowers (variety_id, flower_name, colour, is_potted, size)
VALUES
(1, 'Rose', 'Red', FALSE, 12.5),
(2, 'Tulip', 'Yellow', FALSE, 8.2),
(3, 'Lily', 'White', TRUE, 10.0),
(4, 'Daisy', 'Pink', FALSE, 6.8),
(5, 'Orchid', 'Purple', FALSE, 15.3),
(6, 'Sunflower', 'Yellow', FALSE, 18.0),
(7, 'Carnation', 'Red', FALSE, 7.5),
(8, 'Hydrangea', 'Blue', FALSE, 14.0),
(9, 'Peony', 'Pink', FALSE, 11.5),
(10, 'Dahlia', 'Orange', TRUE, 9.7),
(11, 'Chrysanthemum', 'White', FALSE, 13.2),
(12, 'Freesia', 'Purple', TRUE, 8.6),
(13, 'Anemone', 'Blue', FALSE, 7.0),
(14, 'Crocus', 'Purple', FALSE, 5.4),
(15, 'Gladiolus', 'Red', FALSE, 16.8);


INSERT INTO shops (shop_id, shop_name, shop_adress, shop_number, rental_cost)
VALUES
(1, 'Flower Haven', '135 Main St', 1234567, 2000),
(2, 'Petals & Blooms', '146 Elm St', 9876543, 2500),
(3, 'Blossom Boutique', '890 Oak St', 1357924, 1800),
(4, 'Rose Garden', '101 Maple St', 2468135, 2200),
(5, 'Lilys Florist', '302 Pine St', 3698521, 1900),
(6, 'Sunshine Flowers', '493 Cedar St', 9517534, 2100),
(7, 'Daisy Dreams', '742 Birch St', 7539518, 2300),
(8, 'Orchid Oasis', '552 Walnut St', 8642075, 2400),
(9, 'Bloom & Grow', '936 Cherry St', 3579246, 2600),
(10, 'Tulip Terrace', '757 Spruce St', 4681357, 2700),
(11, 'Floral Fantasy', '588 Sycamore St', 5792468, 2800),
(12, 'Petunia Palace', '193 Willow St', 6903579, 2900),
(13, 'Daffodil Delight', '195 Cedar St', 8014683, 3000),
(14, 'Violet Visions', '237 Birch St', 9125794, 3100),
(15, 'Marigold Manor', '738 Pine St', 2345678, 3200);


INSERT INTO providers (provider_id, provider_name, provider_adress, provider_number)
VALUES
(1, 'Greenhouse Growers', '312 Garden Ave', 6543210),
(2, 'Floral Wholesalers', '620 Flower St', 5432109),
(3, 'Blossom Suppliers', '793 Plant Rd', 4321098),
(4, 'Petals & Blooms', '101 Rose Blvd', 3210987),
(5, 'Sunshine Suppliers', '359 Daisy Ln', 2109876),
(6, 'Orchid Oasis', '438 Lily Rd', 1098765),
(7, 'Bloom Wholesalers', '804 Tulip Blvd', 0987654),
(8, 'Tulip Terrace', '729 Petal Ln', 9876543),
(9, 'Floral Fantasy', '306 Blossom Rd', 8765432),
(10, 'Daffodil Distributors', '892 Garden St', 7654321),
(11, 'Violet Ventures', '915 Flower Rd', 6543210),
(12, 'Marigold Merchants', '184 Daisy Ave', 5432109),
(13, 'Rose Garden', '580 Orchid St', 4321098),
(14, 'Lilys Florist', '217 Hydrangea Blvd', 3210987),
(15, 'Daisy Dreams', '593 Peony Ln', 2109876);


INSERT INTO delivery (delivery_id, delivery_time, shop_id, provider_id)
VALUES
(1, 12.45, 5, 12),
(2, 15.10, 9, 3),
(3, 18.30, 9, 8),
(4, 21.15, 4, 12),
(5, 9.20, 7, 12),
(6, 11.40, 7, 6),
(7, 14.05, 7, 11),
(8, 17.50, 15, 1),
(9, 20.25, 15, 9),
(10, 10.00, 10, 2),
(11, 13.15, 10, 5),
(12, 15.10, 10, 14),
(13, 18.45, 2, 10),
(14, 20.55, 1, 10),
(15, 9.25, 13, 12);


INSERT INTO purchases (purchases_id, time, shop_id, total)
VALUES
(1, 12.37, 8, 150),
(2, 15.32, 12, 200),
(3, 18.45, 8, 180),
(4, 21.14, 4, 220),
(5, 9.18, 4, 190),
(6, 11.37, 12, 230),
(7, 16.41, 8, 210),
(8, 19.10, 1, 240),
(9, 21.02, 1, 260),
(10, 10.27, 7, 270),
(11, 11.25, 15, 280),
(12, 15.39, 2, 290),
(13, 17.58, 5, 300),
(14, 20.43, 5, 310),
(15, 9.09, 3, 320);


INSERT INTO flowers_in_purchases (variety_id, purchase_id, quantity_in_purchase)
VALUES
(1, 13, 7),
(1, 8, 15),
(1, 2, 3),
(2, 13, 6),
(4, 3, 5),
(4, 2, 4),
(4, 9, 11),
(4, 15, 2),
(4, 5, 6),
(5, 5, 9),
(6, 6, 7),
(6, 12, 13),
(6, 5, 8),
(7, 1, 9),
(7, 15, 5),
(8, 3, 10),
(10, 4, 15),
(10, 14, 8),
(10, 7, 12),
(11, 7, 5),
(11, 10, 7),
(11, 15, 13),
(11, 13, 2),
(11, 8, 6),
(12, 6, 8),
(12, 14, 7),
(14, 1, 10),
(14, 6, 8),
(14, 9, 12),
(15, 12, 5);


INSERT INTO flowers_in_delivery (variety_id, delivery_id, quantity_in_delivery, wholesale_price)
VALUES
(10, 1, 50, 3.5),
(6, 1, 80, 2.8),
(1, 1, 60, 4.2),
(5, 2, 70, 3.0),
(14, 2, 100, 3.8),
(2, 2, 45, 4.5),
(9, 2, 80, 3.2),
(11, 3, 120, 3.6),
(15, 4, 60, 3.6),
(10, 4, 90, 4.0),
(6, 4, 50, 4.2),
(3, 5, 100, 4.2),
(13, 5, 70, 3.5),
(9, 6, 40, 4.0),
(14, 6, 80, 4.8),
(1, 7, 60, 3.8),
(9, 8, 100, 4.2),
(15, 8, 70, 4.0),
(3, 8, 110, 4.5),
(11, 9, 50, 4.5),
(6, 10, 85, 5.0),
(12, 10, 90, 4.2),
(8, 11, 130, 4.8),
(7, 12, 55, 4.2),
(10, 12, 80, 4.6),
(11, 12, 70, 4.5),
(4, 13, 100, 5.0),
(1, 14, 110, 4.8),
(14, 15, 150, 5.2),
(2, 15, 85, 4.5);


INSERT INTO flowers_in_shops (variety_id, shop_id, quantity_in_shops, retail_price)
VALUES
(12, 1, 20, 6.5),
(8, 1, 30, 5.8),
(3, 2, 25, 7.2),
(5, 2, 35, 6.5),
(14, 3, 15, 6.0),
(2, 3, 20, 5.5),
(9, 4, 10, 7.0),
(15, 4, 15, 8.0),
(6, 4, 20, 7.5),
(1, 4, 30, 6.8),
(11, 5, 40, 7.2),
(4, 5, 20, 7.0),
(10, 6, 25, 7.5),
(15, 6, 18, 8.2),
(8, 6, 22, 8.0),
(2, 7, 25, 7.5),
(13, 7, 30, 8.0),
(5, 7, 20, 8.5),
(11, 8, 30, 7.0),
(7, 8, 22, 8.0),
(2, 8, 28, 7.8),
(14, 8, 25, 6.3),
(5, 9, 18, 7.8),
(9, 9, 12, 7.0),
(4, 10, 35, 7.2),
(10, 10, 40, 7.8),
(6, 10, 30, 8.0),
(1, 11, 35, 8.5),
(3, 12, 25, 8.2),
(15, 12, 30, 7.8),
(7, 12, 20, 7.5),
(2, 12, 25, 8.0),
(12, 13, 30, 8.2),
(6, 13, 35, 8.8),
(14, 14, 22, 8.5),
(9, 14, 28, 9.0),
(13, 14, 12, 7.0),
(1, 15, 20, 7.2),
(4, 15, 28, 8.0);


INSERT INTO shops_financial_statistics (shop_id, purchase_number, average_bill, turnover, profit, start_dttm, end_dttm)
VALUES
(1, 15, 200.0, 3000.0, 800.0, '2024-05-01', '2024-05-09'),
(2, 20, 180.0, 3600.0, 900.0, '2024-05-01', '2024-05-09'),
(3, 12, 190.0, 2280.0, 600.0, '2024-05-01', '2024-05-09'),
(4, 18, 210.0, 3780.0, 950.0, '2024-05-01', '2024-05-09'),
(5, 22, 220.0, 4840.0, 1200.0, '2024-05-01', '2024-05-09'),
(6, 16, 230.0, 3680.0, 920.0, '2024-05-01', '2024-05-09'),
(7, 21, 240.0, 5040.0, 1300.0, '2024-05-01', '2024-05-09'),
(8, 19, 250.0, 4750.0, 1100.0, '2024-05-01', '2024-05-09'),
(9, 17, 260.0, 4420.0, 1150.0, '2024-05-01', '2024-05-09'),
(10, 25, 270.0, 6750.0, 1400.0, '2024-05-01', '2024-05-09'),
(11, 28, 280.0, 7840.0, 1600.0, '2024-05-01', '2024-05-09'),
(12, 24, 290.0, 6960.0, 1450.0, '2024-05-01', '2024-05-09'),
(13, 26, 300.0, 7800.0, 1700.0, '2024-05-01', '2024-05-09'),
(14, 30, 310.0, 9300.0, 1900.0, '2024-05-01', '2024-05-09'),
(15, 32, 320.0, 10240.0, 2200.0, '2024-05-01', '2024-05-09'),
(1, 10, 180.0, 1800.0, 500.0, '2024-05-10', '2024-05-18'),
(2, 15, 200.0, 3000.0, 800.0, '2024-05-10', '2024-05-18'),
(3, 9, 210.0, 1890.0, 500.0, '2024-05-10', '2024-05-18'),
(4, 13, 220.0, 2860.0, 700.0, '2024-05-10', '2024-05-18'),
(5, 18, 240.0, 4320.0, 1000.0, '2024-05-10', '2024-05-18'),
(6, 12, 250.0, 3000.0, 750.0, '2024-05-10', '2024-05-18'),
(7, 17, 260.0, 4420.0, 1150.0, '2024-05-10', '2024-05-18'),
(8, 16, 270.0, 4320.0, 1100.0, '2024-05-10', '2024-05-18'),
(9, 14, 280.0, 3920.0, 950.0, '2024-05-10', '2024-05-18'),
(10, 20, 300.0, 6000.0, 1400.0, '2024-05-10', '2024-05-18'),
(11, 24, 320.0, 7680.0, 1600.0, '2024-05-10', '2024-05-18'),
(12, 22, 310.0, 6510.0, 1350.0, '2024-05-10', '2024-05-18'),
(13, 26, 330.0, 8580.0, 1800.0, '2024-05-10', '2024-05-18'),
(14, 28, 350.0, 9800.0, 2000.0, '2024-05-10', '2024-05-18'),
(15, 36, 380.0, 13680.0, 2800.0, '2024-05-10', '2024-05-18');
